[{"model": "mentalhealth.category", "pk": 1, "fields": {"name": "Asian/Asian American (includes East, South, Southeast, and West Asian)"}}, {"model": "mentalhealth.category", "pk": 2, "fields": {"name": "Indigenous/Pacific Islander"}}, {"model": "mentalhealth.category", "pk": 3, "fields": {"name": "Black/African American"}}, {"model": "mentalhealth.category", "pk": 4, "fields": {"name": "Chicanx-Latinx"}}, {"model": "mentalhealth.category", "pk": 5, "fields": {"name": "Multiracial"}}, {"model": "mentalhealth.category", "pk": 6, "fields": {"name": "Another ethnicity not listed here"}}, {"model": "mentalhealth.category", "pk": 7, "fields": {"name": "Woman"}}, {"model": "mentalhealth.category", "pk": 8, "fields": {"name": "Man"}}, {"model": "mentalhealth.category", "pk": 9, "fields": {"name": "Transgender"}}, {"model": "mentalhealth.category", "pk": 10, "fields": {"name": "Genderqueer/Non-Binary"}}, {"model": "mentalhealth.category", "pk": 11, "fields": {"name": "Another gender not listed here"}}, {"model": "mentalhealth.category", "pk": 12, "fields": {"name": "International"}}, {"model": "mentalhealth.category", "pk": 13, "fields": {"name": "Undocumented"}}, {"model": "mentalhealth.category", "pk": 14, "fields": {"name": "Low-income"}}, {"model": "mentalhealth.category", "pk": 15, "fields": {"name": "First-generation college student"}}, {"model": "mentalhealth.category", "pk": 16, "fields": {"name": "Aetna (student insurance)"}}, {"model": "mentalhealth.category", "pk": 17, "fields": {"name": "Blue Cross"}}, {"model": "mentalhealth.category", "pk": 18, "fields": {"name": "Blue Shield"}}, {"model": "mentalhealth.category", "pk": 19, "fields": {"name": "Cigna"}}, {"model": "mentalhealth.category", "pk": 20, "fields": {"name": "Kaiser"}}, {"model": "mentalhealth.category", "pk": 21, "fields": {"name": "Providence"}}, {"model": "mentalhealth.category", "pk": 22, "fields": {"name": "Universal Behavioral Health"}}, {"model": "mentalhealth.category", "pk": 23, "fields": {"name": "Other"}}, {"model": "mentalhealth.category", "pk": 24, "fields": {"name": "M.A./M.S."}}, {"model": "mentalhealth.category", "pk": 25, "fields": {"name": "Ph.D."}}, {"model": "mentalhealth.category", "pk": 26, "fields": {"name": "Psy.D."}}, {"model": "mentalhealth.category", "pk": 27, "fields": {"name": "ATR"}}, {"model": "mentalhealth.category", "pk": 28, "fields": {"name": "LCSW"}}, {"model": "mentalhealth.category", "pk": 29, "fields": {"name": "LMFT"}}, {"model": "mentalhealth.category", "pk": 30, "fields": {"name": "LPCC"}}, {"model": "mentalhealth.category", "pk": 31, "fields": {"name": "MFT/MFTI"}}, {"model": "mentalhealth.category", "pk": 32, "fields": {"name": "MSW"}}, {"model": "mentalhealth.category", "pk": 33, "fields": {"name": "Heterosexual"}}, {"model": "mentalhealth.category", "pk": 34, "fields": {"name": "Lesbian"}}, {"model": "mentalhealth.category", "pk": 35, "fields": {"name": "Gay"}}, {"model": "mentalhealth.category", "pk": 36, "fields": {"name": "Bisexual"}}, {"model": "mentalhealth.category", "pk": 37, "fields": {"name": "Asexual"}}, {"model": "mentalhealth.category", "pk": 38, "fields": {"name": "Pansexual"}}, {"model": "mentalhealth.category", "pk": 39, "fields": {"name": "Queer"}}, {"model": "mentalhealth.category", "pk": 40, "fields": {"name": "Another sexual orientation not listed here"}}, {"model": "mentalhealth.category", "pk": 41, "fields": {"name": "Abuse/Trauma/PTSD"}}, {"model": "mentalhealth.category", "pk": 42, "fields": {"name": "ADHD/Learning Disabilities"}}, {"model": "mentalhealth.category", "pk": 43, "fields": {"name": "Alcohol/Substance Abuse"}}, {"model": "mentalhealth.category", "pk": 44, "fields": {"name": "Anxiety"}}, {"model": "mentalhealth.category", "pk": 45, "fields": {"name": "Culture/Identity"}}, {"model": "mentalhealth.category", "pk": 46, "fields": {"name": "Depression/Mood Disorders"}}, {"model": "mentalhealth.category", "pk": 47, "fields": {"name": "Eating Disorders"}}, {"model": "mentalhealth.category", "pk": 48, "fields": {"name": "Family of Origin"}}, {"model": "mentalhealth.category", "pk": 49, "fields": {"name": "GLBTQIA"}}, {"model": "mentalhealth.category", "pk": 50, "fields": {"name": "Grief/Loss"}}, {"model": "mentalhealth.category", "pk": 51, "fields": {"name": "Personality Disorders"}}, {"model": "mentalhealth.category", "pk": 52, "fields": {"name": "Relations between Physical and Mental Health"}}, {"model": "mentalhealth.category", "pk": 53, "fields": {"name": "Relationship Issues"}}, {"model": "mentalhealth.category", "pk": 54, "fields": {"name": "Self-Esteem"}}, {"model": "mentalhealth.category", "pk": 55, "fields": {"name": "Sexual Assault"}}, {"model": "mentalhealth.category", "pk": 56, "fields": {"name": "Spirituality"}}, {"model": "mentalhealth.category", "pk": 57, "fields": {"name": "Stress Management"}}, {"model": "mentalhealth.category", "pk": 58, "fields": {"name": "Good for women"}}, {"model": "mentalhealth.category", "pk": 59, "fields": {"name": "Good for transgender/genderqueer students"}}, {"model": "mentalhealth.category", "pk": 60, "fields": {"name": "Good for lesbian/gay/bisexual/asexual/pansexual/queer students"}}, {"model": "mentalhealth.category", "pk": 61, "fields": {"name": "Good for Asian/Asian American students"}}, {"model": "mentalhealth.category", "pk": 62, "fields": {"name": "Good for Indigenous/Pacific Islander students"}}, {"model": "mentalhealth.category", "pk": 63, "fields": {"name": "Good for Black/African American students"}}, {"model": "mentalhealth.category", "pk": 64, "fields": {"name": "Good for Chicanx-Latinx students"}}, {"model": "mentalhealth.category", "pk": 65, "fields": {"name": "Good for multiracial students"}}, {"model": "mentalhealth.category", "pk": 66, "fields": {"name": "Good for Asian/Asian American women"}}, {"model": "mentalhealth.category", "pk": 67, "fields": {"name": "Good for Indigenous/Pacific Islander women"}}, {"model": "mentalhealth.category", "pk": 68, "fields": {"name": "Good for Black/African American women"}}, {"model": "mentalhealth.category", "pk": 69, "fields": {"name": "Good for Chicanx-Latinx women"}}, {"model": "mentalhealth.category", "pk": 70, "fields": {"name": "Good for multiracial women"}}, {"model": "mentalhealth.category", "pk": 71, "fields": {"name": "Good for international students"}}, {"model": "mentalhealth.category", "pk": 72, "fields": {"name": "Good for undocumented students"}}, {"model": "mentalhealth.category", "pk": 73, "fields": {"name": "Good for low-income students"}}, {"model": "mentalhealth.category", "pk": 74, "fields": {"name": "Good for first-generation college students"}}, {"model": "mentalhealth.category", "pk": 75, "fields": {"name": "Good for survivors of sexual assault"}}, {"model": "mentalhealth.category", "pk": 76, "fields": {"name": "Other/Not Specified"}}, {"model": "mentalhealth.insurance", "pk": 16, "fields": {}}, {"model": "mentalhealth.insurance", "pk": 17, "fields": {}}, {"model": "mentalhealth.insurance", "pk": 18, "fields": {}}, {"model": "mentalhealth.insurance", "pk": 19, "fields": {}}, {"model": "mentalhealth.insurance", "pk": 20, "fields": {}}, {"model": "mentalhealth.insurance", "pk": 21, "fields": {}}, {"model": "mentalhealth.insurance", "pk": 22, "fields": {}}, {"model": "mentalhealth.insurance", "pk": 23, "fields": {}}, {"model": "mentalhealth.qualification", "pk": 24, "fields": {}}, {"model": "mentalhealth.qualification", "pk": 25, "fields": {}}, {"model": "mentalhealth.qualification", "pk": 26, "fields": {}}, {"model": "mentalhealth.qualification", "pk": 27, "fields": {}}, {"model": "mentalhealth.qualification", "pk": 28, "fields": {}}, {"model": "mentalhealth.qualification", "pk": 29, "fields": {}}, {"model": "mentalhealth.qualification", "pk": 30, "fields": {}}, {"model": "mentalhealth.qualification", "pk": 31, "fields": {}}, {"model": "mentalhealth.qualification", "pk": 32, "fields": {}}, {"model": "mentalhealth.specialty", "pk": 41, "fields": {}}, {"model": "mentalhealth.specialty", "pk": 42, "fields": {}}, {"model": "mentalhealth.specialty", "pk": 43, "fields": {}}, {"model": "mentalhealth.specialty", "pk": 44, "fields": {}}, {"model": "mentalhealth.specialty", "pk": 45, "fields": {}}, {"model": "mentalhealth.specialty", "pk": 46, "fields": {}}, {"model": "mentalhealth.specialty", "pk": 47, "fields": {}}, {"model": "mentalhealth.specialty", "pk": 48, "fields": {}}, {"model": "mentalhealth.specialty", "pk": 49, "fields": {}}, {"model": "mentalhealth.specialty", "pk": 50, "fields": {}}, {"model": "mentalhealth.specialty", "pk": 51, "fields": {}}, {"model": "mentalhealth.specialty", "pk": 52, "fields": {}}, {"model": "mentalhealth.specialty", "pk": 53, "fields": {}}, {"model": "mentalhealth.specialty", "pk": 54, "fields": {}}, {"model": "mentalhealth.specialty", "pk": 55, "fields": {}}, {"model": "mentalhealth.specialty", "pk": 56, "fields": {}}, {"model": "mentalhealth.specialty", "pk": 57, "fields": {}}, {"model": "mentalhealth.specialty", "pk": 76, "fields": {}}, {"model": "mentalhealth.tag", "pk": 58, "fields": {}}, {"model": "mentalhealth.tag", "pk": 59, "fields": {}}, {"model": "mentalhealth.tag", "pk": 60, "fields": {}}, {"model": "mentalhealth.tag", "pk": 61, "fields": {}}, {"model": "mentalhealth.tag", "pk": 62, "fields": {}}, {"model": "mentalhealth.tag", "pk": 63, "fields": {}}, {"model": "mentalhealth.tag", "pk": 64, "fields": {}}, {"model": "mentalhealth.tag", "pk": 65, "fields": {}}, {"model": "mentalhealth.tag", "pk": 66, "fields": {}}, {"model": "mentalhealth.tag", "pk": 67, "fields": {}}, {"model": "mentalhealth.tag", "pk": 68, "fields": {}}, {"model": "mentalhealth.tag", "pk": 69, "fields": {}}, {"model": "mentalhealth.tag", "pk": 70, "fields": {}}, {"model": "mentalhealth.tag", "pk": 71, "fields": {}}, {"model": "mentalhealth.tag", "pk": 72, "fields": {}}, {"model": "mentalhealth.tag", "pk": 73, "fields": {}}, {"model": "mentalhealth.tag", "pk": 74, "fields": {}}, {"model": "mentalhealth.tag", "pk": 75, "fields": {}}, {"model": "mentalhealth.gender", "pk": 7, "fields": {}}, {"model": "mentalhealth.gender", "pk": 8, "fields": {}}, {"model": "mentalhealth.gender", "pk": 9, "fields": {}}, {"model": "mentalhealth.gender", "pk": 10, "fields": {}}, {"model": "mentalhealth.gender", "pk": 11, "fields": {}}, {"model": "mentalhealth.identity", "pk": 12, "fields": {}}, {"model": "mentalhealth.identity", "pk": 13, "fields": {}}, {"model": "mentalhealth.identity", "pk": 14, "fields": {}}, {"model": "mentalhealth.identity", "pk": 15, "fields": {}}, {"model": "mentalhealth.sexualorientation", "pk": 33, "fields": {}}, {"model": "mentalhealth.sexualorientation", "pk": 34, "fields": {}}, {"model": "mentalhealth.sexualorientation", "pk": 35, "fields": {}}, {"model": "mentalhealth.sexualorientation", "pk": 36, "fields": {}}, {"model": "mentalhealth.sexualorientation", "pk": 37, "fields": {}}, {"model": "mentalhealth.sexualorientation", "pk": 38, "fields": {}}, {"model": "mentalhealth.sexualorientation", "pk": 39, "fields": {}}, {"model": "mentalhealth.sexualorientation", "pk": 40, "fields": {}}, {"model": "mentalhealth.ethnicity", "pk": 1, "fields": {}}, {"model": "mentalhealth.ethnicity", "pk": 2, "fields": {}}, {"model": "mentalhealth.ethnicity", "pk": 3, "fields": {}}, {"model": "mentalhealth.ethnicity", "pk": 4, "fields": {}}, {"model": "mentalhealth.ethnicity", "pk": 5, "fields": {}}, {"model": "mentalhealth.ethnicity", "pk": 6, "fields": {}}, {"model": "mentalhealth.therapist", "pk": 1, "fields": {"name": "Irene Kao", "image": "profile/Irene_Kao.jpg", "phone": "(909) 621-8202", "email": "Irene_Kao@cuc.claremont.edu", "address": "Monsour Center", "website": "http://www.cuc.claremont.edu/monsour/staff.asp", "insurances": [16, 23], "specialties": [56, 43, 45, 53], "qualifications": [26]}}, {"model": "mentalhealth.therapist", "pk": 2, "fields": {"name": "Gary DeGroot", "image": "profile/Gary_DeGroot.jpg", "phone": "(909) 621-8202", "email": "Gary_DeGroot@cuc.claremont.edu", "address": "Monsour Center", "website": "http://www.cuc.claremont.edu/monsour/staff.asp", "insurances": [16, 23], "specialties": [48, 50, 44, 46], "qualifications": [25]}}, {"model": "mentalhealth.therapist", "pk": 3, "fields": {"name": "Fiona Vajk", "image": "profile/Fiona_Vajk.jpg", "phone": "(909) 621-8202", "email": "Fiona_Vajk@cuc.claremont.edu", "address": "Monsour Center", "website": "http://www.cuc.claremont.edu/monsour/staff.asp", "insurances": [16, 23], "specialties": [53, 54, 55, 45, 46], "qualifications": [25]}}, {"model": "mentalhealth.therapist", "pk": 4, "fields": {"name": "Carrie Park", "image": "profile/Carrie_Park.jpg", "phone": "(909) 621-8202", "email": "Carrie_Park@cuc.claremont.edu", "address": "Monsour Center", "website": "http://www.cuc.claremont.edu/monsour/staff.asp", "insurances": [16, 23], "specialties": [49, 44, 45, 46], "qualifications": [26]}}, {"model": "mentalhealth.therapist", "pk": 5, "fields": {"name": "Vilma Fuentes", "image": "profile/Vilma_Fuentes.JPG", "phone": "(909) 621-8202", "email": "Vilma_Fuentes@cuc.claremont.edu", "address": "Monsour Center", "website": "http://www.cuc.claremont.edu/monsour/staff.asp", "insurances": [16, 23], "specialties": [48, 56, 44, 45, 46], "qualifications": [26]}}, {"model": "mentalhealth.therapist", "pk": 6, "fields": {"name": "Elizabeth Poloskov", "image": "profile/Elizabeth_Poloskov.jpg", "phone": "(909) 621-8202", "email": "Elizabeth_Poloskov@cuc.claremont.edu", "address": "Monsour Center", "website": "http://www.cuc.claremont.edu/monsour/staff.asp", "insurances": [16, 23], "specialties": [57, 44, 45, 46, 53], "qualifications": [25]}}, {"model": "mentalhealth.therapist", "pk": 7, "fields": {"name": "Brittany Beasley", "image": "profile/Brittany_Beasley.jpg", "phone": "(909) 621-8202", "email": "Brittany_Beasley@cuc.claremont.edu", "address": "Monsour Center", "website": "http://www.cuc.claremont.edu/monsour/staff.asp", "insurances": [16, 23], "specialties": [48, 41, 46, 45, 54], "qualifications": [25]}}, {"model": "mentalhealth.therapist", "pk": 8, "fields": {"name": "Sean Cheng", "image": "profile/Sean_Cheng.jpg", "phone": "(909) 621-8202", "email": "Sean_Cheng@cuc.claremont.edu", "address": "Monsour Center", "website": "http://www.cuc.claremont.edu/monsour/staff.asp", "insurances": [16, 23], "specialties": [42, 45], "qualifications": [25]}}, {"model": "mentalhealth.therapist", "pk": 9, "fields": {"name": "Anneka Busse", "image": "profile/Anneka_Busse.jpg", "phone": "(909) 621-8202", "email": "Anneka_Busse@cuc.claremont.edu", "address": "Monsour Center", "website": "http://www.cuc.claremont.edu/monsour/staff.asp", "insurances": [16, 23], "specialties": [45, 53], "qualifications": [26]}}, {"model": "mentalhealth.therapist", "pk": 10, "fields": {"name": "Mary Weber", "image": "profile/Mary_Weber.jpg", "phone": "(909) 621-8202", "email": "Mary_Weber@cuc.claremont.edu", "address": "Monsour Center", "website": "http://www.cuc.claremont.edu/monsour/staff.asp", "insurances": [16, 23], "specialties": [48, 53], "qualifications": [24]}}, {"model": "mentalhealth.therapist", "pk": 11, "fields": {"name": "Grant Goodman", "image": "profile/Grant_Goodman.jpg", "phone": "(909) 621-8202", "email": "Grant_Goodman@cuc.claremont.edu", "address": "Monsour Center", "website": "http://www.cuc.claremont.edu/monsour/staff.asp", "insurances": [16, 23], "specialties": [44, 45, 47], "qualifications": [25]}}, {"model": "mentalhealth.therapist", "pk": 12, "fields": {"name": "Amber E. Blews", "image": "profile/Amber_Blews.jpg", "phone": "(909) 621-8202", "email": "Amber_Blews@cuc.claremont.edu", "address": "Monsour Center", "website": "http://www.cuc.claremont.edu/monsour/staff.asp", "insurances": [16, 23], "specialties": [56, 44, 52, 46, 47], "qualifications": [25]}}, {"model": "mentalhealth.therapist", "pk": 13, "fields": {"name": "Ruth Aaron", "image": "profile/38827_1_120x150.jpg", "phone": "(909) 831-6381", "email": "", "address": "428 Harrison Avenue, STE. 101E, Claremont, CA 91711", "website": "", "insurances": [16, 17, 18, 19, 23], "specialties": [44, 46, 53], "qualifications": [24, 29]}}, {"model": "mentalhealth.therapist", "pk": 14, "fields": {"name": "Deborah Lee Adler", "image": "profile/765-default-avatar.png", "phone": "(909) 621-0772", "email": "", "address": "219 N. Indian Hill Blvd, Ste. 202A, Claremont, CA 91711", "website": "", "insurances": [23], "specialties": [76], "qualifications": [25]}}, {"model": "mentalhealth.therapist", "pk": 15, "fields": {"name": "Janet Agosti", "image": "profile/1213088_headshot.jpg", "phone": "(909) 941-0781", "email": "info@counselinginclaremont.com", "address": "428 Harrison Avenue, Claremont, CA 91711", "website": "http://www.counselinginclaremont.com/", "insurances": [23], "specialties": [53], "qualifications": [28]}}, {"model": "mentalhealth.therapist", "pk": 16, "fields": {"name": "Katherine Albert", "image": "profile/10622740_883476288359621_2532566082444336785_n.png", "phone": "(909) 962-8552", "email": "", "address": "428 W. Harrison Ave., Suite 203, Claremont, CA 91711", "website": "", "insurances": [23], "specialties": [76], "qualifications": [28]}}, {"model": "mentalhealth.therapist", "pk": 17, "fields": {"name": "Lorena Arguello", "image": "profile/Lorena_pic.jpg", "phone": "(909) 624-1997", "email": "Lorena@claremontcounseling.com", "address": "250 W. First St. #230, Claremont, CA 91711", "website": "http://www.claremontcounseling.com/", "insurances": [23], "specialties": [48, 41, 43, 44, 46], "qualifications": [29]}}, {"model": "mentalhealth.therapist", "pk": 18, "fields": {"name": "Joanna Bendiner-Horowitz", "image": "profile/90708_2_120x150.jpg", "phone": "(909) 625-5506", "email": "", "address": "428 W. Harrison Ave., Suite 101A, Claremont, CA 91711", "website": "", "insurances": [23], "specialties": [46], "qualifications": [29]}}, {"model": "mentalhealth.therapist", "pk": 19, "fields": {"name": "Kirsten Bonaventura", "image": "profile/kirstenb-sq.jpg", "phone": "(323) 835-3661", "email": "dr.kirstenb@gmail.com", "address": "219 N Indian Hill Blvd. Suite 202A, Claremont, CA 91711", "website": "http://psychologistclaremont.com/", "insurances": [23], "specialties": [41, 44, 46, 48, 53, 54], "qualifications": [26]}}, {"model": "mentalhealth.therapist", "pk": 20, "fields": {"name": "Jacquelyn J. Bradbard", "image": "profile/phpThumb_generated_thumbnail.jpg", "phone": "(909) 624-4283", "email": "jbradbard@claremontcounselor.com", "address": "428 Harrison Ave., Ste. 101B, Claremont, CA 91711", "website": "http://www.claremontcounselor.com/", "insurances": [18], "specialties": [41, 44, 46, 53, 55, 56, 57], "qualifications": [28, 32]}}, {"model": "mentalhealth.therapist", "pk": 21, "fields": {"name": "Erin Brinkmeyer", "image": "profile/061.jpg", "phone": "(909) 624-1997", "email": "Erin@claremontcounseling.com", "address": "250 West First St., Suite 230, Claremont, CA 91711", "website": "http://www.claremontcounseling.com/", "insurances": [23], "specialties": [46, 54], "qualifications": [31]}}, {"model": "mentalhealth.therapist", "pk": 22, "fields": {"name": "Natalie Brooks", "image": "profile/ec62bdf137d421f91b0b7f05e45f6911.png", "phone": "(909) 332-2286", "email": "innerharmonytherapycenter@gmail.com", "address": "428 W. Harrison Ave., Suite 204, Claremont, CA 91711", "website": "http://www.innerharmonytherapy.org/", "insurances": [23], "specialties": [44, 46, 47], "qualifications": [24, 29]}}, {"model": "mentalhealth.therapist", "pk": 23, "fields": {"name": "Catherine Caporale", "image": "profile/Catherine_Caporale.jpg", "phone": "(909) 753-2788", "email": "", "address": "1490 Claremont Blvd. Claremont, CA 91711", "website": "", "insurances": [23], "specialties": [76], "qualifications": [25, 29]}}, {"model": "mentalhealth.therapist", "pk": 24, "fields": {"name": "Perry Guthrie", "image": "profile/Perry_Guthrie.jpg", "phone": "(909) 989-5556", "email": "", "address": "237 W 4th St., Claremont, CA 91711", "website": "http://aspenpsychological.com/", "insurances": [16], "specialties": [43, 44, 53, 46], "qualifications": [25]}}, {"model": "mentalhealth.therapist", "pk": 25, "fields": {"name": "Janice Ciccarelli", "image": "profile/137790_4_120x150.jpg", "phone": "(909) 482-1200", "email": "", "address": "250 West First Street, Suite 314, Claremont, CA 91711", "website": "", "insurances": [23], "specialties": [44, 46], "qualifications": [25]}}, {"model": "mentalhealth.therapist", "pk": 26, "fields": {"name": "Melanie Daye", "image": "profile/194106-555127-1_120x150.jpg", "phone": "(909) 963-1503", "email": "", "address": "201 W. 4th St., Suite 200, Claremont, CA 91711", "website": "", "insurances": [23], "specialties": [41, 43, 44, 46, 47, 53, 54], "qualifications": [25]}}, {"model": "mentalhealth.therapist", "pk": 27, "fields": {"name": "Helen Linda DesMarais", "image": "profile/22424_original.jpg", "phone": "(909) 985-9938", "email": "", "address": "427 Yale Ave., Claremont, CA 91711", "website": "", "insurances": [16, 23], "specialties": [41, 44, 57], "qualifications": [25]}}, {"model": "mentalhealth.therapist", "pk": 28, "fields": {"name": "Heather Devine", "image": "profile/heather-devine1.jpg", "phone": "(909) 624-1997", "email": "Heather@claremontcounseling.com", "address": "250 West First Street, Suite 230, Claremont, CA 91711", "website": "http://www.claremontcounseling.com/", "insurances": [23], "specialties": [41, 44, 46], "qualifications": [24, 29, 30]}}, {"model": "mentalhealth.therapist", "pk": 29, "fields": {"name": "Lisa P. Dow", "image": "profile/DSCF8202_2.JPG", "phone": "(909) 333-7434", "email": "", "address": "101 N. Indian Hill Blvd. Suite C1-200, Claremont, CA 91711", "website": "http://www.arccounselingclaremont.com/", "insurances": [16, 17, 18, 19, 23], "specialties": [76], "qualifications": [25]}}, {"model": "mentalhealth.therapist", "pk": 30, "fields": {"name": "Bradford Durian", "image": "profile/765-default-avatar_lwfqhy2.png", "phone": "(909) 989-5556", "email": "", "address": "237 W 4th St., Claremont, CA 91711", "website": "http://aspenpsychological.com/", "insurances": [23], "specialties": [76], "qualifications": [29]}}, {"model": "mentalhealth.therapist", "pk": 31, "fields": {"name": "Dragana Gajic", "image": "profile/78446_6_120x150.jpg", "phone": "(310) 741-9451", "email": "", "address": "250 West First Street, Suite 242, Claremont, CA 91711", "website": "", "insurances": [17, 18, 19, 23], "specialties": [43, 44, 46], "qualifications": [28]}}, {"model": "mentalhealth.therapist", "pk": 32, "fields": {"name": "Christine Galvez", "image": "profile/Christine-Galvez-960x675.jpg", "phone": "(909) 994-1436", "email": "", "address": "428 West Harrison Ave., Suite 101, Claremont, CA 91711", "website": "https://brightroadrecovery.com/br/", "insurances": [23], "specialties": [47], "qualifications": [31]}}, {"model": "mentalhealth.therapist", "pk": 33, "fields": {"name": "Kimia Ghassemy", "image": "profile/Screen_Shot_2017-01-30_at_9.12.52_PM.png", "phone": "(909) 833-0023", "email": "", "address": "219 N. Indian Hill Blvd, Ste. 203, Claremont, CA 91711", "website": "http://www.vibrantstart.com/", "insurances": [23], "specialties": [76], "qualifications": [26]}}, {"model": "mentalhealth.therapist", "pk": 34, "fields": {"name": "Helen Glaze", "image": "profile/Helenvertical.jpg", "phone": "(909) 624-1997", "email": "info@claremontcounseling.com", "address": "250 W. First Street, Suite 230", "website": "http://www.claremontcounseling.com/", "insurances": [23], "specialties": [41, 50, 43, 45, 46], "qualifications": [24]}}, {"model": "mentalhealth.therapist", "pk": 35, "fields": {"name": "Stephanie Goldsmith", "image": "profile/174521-494482-2_120x150.jpg", "phone": "(909) 521-8651", "email": "", "address": "101 N. Indian Hill Blvd, Ste. C2-202, Claremont, CA 91711", "website": "", "insurances": [23], "specialties": [46, 47], "qualifications": [25]}}, {"model": "mentalhealth.therapist", "pk": 36, "fields": {"name": "Patricia Gonzalez", "image": "profile/patty-3-e1475079988505.jpg", "phone": "(909) 240-7833", "email": "", "address": "409 Harvard #101, Claremont, CA 91711", "website": "http://creativeinsightscounseling.com/", "insurances": [23], "specialties": [41, 46, 49], "qualifications": [31]}}, {"model": "mentalhealth.therapist", "pk": 37, "fields": {"name": "Kari Halko-Weekes", "image": "profile/kariptrs.jpg", "phone": "(909) 624-1997", "email": "DrHalko-Weekes@claremontcounseling.com", "address": "250 West First Street, Suite 230, Claremont, CA 91711", "website": "http://www.claremontcounseling.com/", "insurances": [23], "specialties": [76], "qualifications": [25]}}, {"model": "mentalhealth.therapist", "pk": 38, "fields": {"name": "Monica Hennon", "image": "profile/phpThumb_generated_thumbnail_wu75bYl.jpg", "phone": "(909) 333-7434", "email": "", "address": "101 N. Indian Hill Blvd. Ste C1-200, Claremont, CA 91711", "website": "http://www.arccounselingclaremont.com/", "insurances": [16], "specialties": [50, 46, 44, 53, 54], "qualifications": [26]}}, {"model": "mentalhealth.therapist", "pk": 39, "fields": {"name": "Carolyn Hiler", "image": "profile/Screen_Shot_2017-01-30_at_9.51.25_PM.png", "phone": "(626) 372-2908", "email": "", "address": "219 N. Indian Hill Blvd., Ste 202A, Claremont, CA 91711", "website": "", "insurances": [23], "specialties": [76], "qualifications": [27, 31]}}, {"model": "mentalhealth.therapist", "pk": 40, "fields": {"name": "Wei-Chin Hwang", "image": "profile/20150901-MR1B3752_P_1K.302104949_std.jpg", "phone": "(310) 433-3343", "email": "doctorhwang@losangelesclinicalpsychologist.com", "address": "250 W. 1st St. Suite 242, Claremont, CA 91711", "website": "http://www.losangelesclinicalpsychologist.com/", "insurances": [23], "specialties": [41, 44, 45, 46, 48, 53, 54], "qualifications": [25]}}, {"model": "mentalhealth.therapist", "pk": 41, "fields": {"name": "Nancy James", "image": "profile/765-default-avatar_ig5DvKF.png", "phone": "(909) 732-8450", "email": "", "address": "250 W. 1st Street, Ste. 204, Claremont, CA 91711", "website": "http://jamespsyched.com/", "insurances": [23], "specialties": [41, 46, 44, 53, 54], "qualifications": [26]}}, {"model": "mentalhealth.therapist", "pk": 42, "fields": {"name": "Gurucharan S. Khalsa", "image": "profile/38917_1_120x150.jpg", "phone": "(909) 593-3798", "email": "", "address": "428 W. Harrison Ave. #200, Claremont, CA 91711", "website": "", "insurances": [23], "specialties": [44, 46, 53], "qualifications": [25]}}, {"model": "mentalhealth.therapist", "pk": 43, "fields": {"name": "Adrienne Kijak", "image": "profile/adrienne_kijak_200x200.jpg", "phone": "(818) 468-9198", "email": "adrienne@kijak.net", "address": "405 North Indian Hill Boulevard, Claremont, CA 91711", "website": "http://www.kijak.net/", "insurances": [23], "specialties": [48, 53], "qualifications": [27, 28]}}, {"model": "mentalhealth.therapist", "pk": 44, "fields": {"name": "Traci Lowenthal", "image": "profile/profile-photo-e1435142143254-180x180.jpg", "phone": "(909) 240-7833", "email": "", "address": "409 Harvard #101, Claremont, CA 91711", "website": "http://creativeinsightscounseling.com/", "insurances": [23], "specialties": [44, 49, 55], "qualifications": [26]}}, {"model": "mentalhealth.therapist", "pk": 45, "fields": {"name": "Kenneth K Lyn", "image": "profile/233048-382800-3_120x150.jpg", "phone": "(626) 230-7281", "email": "", "address": "427 Yale Ave. Suite #101, Claremont, CA 91711", "website": "", "insurances": [16, 17, 18, 19], "specialties": [44, 46, 53], "qualifications": [24, 31]}}, {"model": "mentalhealth.therapist", "pk": 46, "fields": {"name": "Melissa McMullin", "image": "profile/1fab1121f750934bdadb01f98a909c12_f94.jpg", "phone": "(323) 345-1402", "email": "", "address": "1490 Claremont Blvd, Ste. 204 Claremont, CA 91711", "website": "http://www.vobh.org/", "insurances": [16, 19, 23], "specialties": [76], "qualifications": [26]}}, {"model": "mentalhealth.therapist", "pk": 47, "fields": {"name": "Juan Moriel", "image": "profile/Screen_Shot_2017-01-30_at_10.07.02_PM.png", "phone": "(626) 676-2419", "email": "", "address": "1490 N. Claremont Blvd. Ste 2014, Claremont, CA 91711", "website": "https://www.drjuanmoriel.com/", "insurances": [16, 17, 18, 19, 23], "specialties": [48, 41, 44, 53, 46], "qualifications": [26, 29, 30]}}, {"model": "mentalhealth.therapist", "pk": 48, "fields": {"name": "Mary Ortenburger", "image": "profile/mary_ortenburger_color.jpg", "phone": "(562) 281-7752", "email": "", "address": "219 Indian Hill Blvd. Suite 201A, Claremont, CA 91711", "website": "http://www.maryortenburger.com/", "insurances": [23], "specialties": [41, 43, 44, 46, 47], "qualifications": [29]}}, {"model": "mentalhealth.therapist", "pk": 49, "fields": {"name": "Tamson Overholtzer", "image": "profile/tamson_headshot_150w.jpg", "phone": "(909) 764-8255", "email": "TamsonMFT@gmail.com", "address": "428 West Harrison Avenue, Suite 201, Claremont, CA 91711", "website": "http://www.counselingclaremont.com/", "insurances": [23], "specialties": [41, 44, 46, 47, 53, 54], "qualifications": [31]}}, {"model": "mentalhealth.therapist", "pk": 50, "fields": {"name": "Darlene Anweiler Tang", "image": "profile/114975-349117-2_120x150.jpg", "phone": "(626) 536-2416", "email": "", "address": "250 W. First St., Ste. 340, Claremont, CA 91711", "website": "http://www.dtangcounseling.com/", "insurances": [17, 18, 23], "specialties": [44, 46, 57], "qualifications": [28, 32]}}, {"model": "mentalhealth.therapist", "pk": 51, "fields": {"name": "Sara Truitt", "image": "profile/saraheadshot800radlab.jpg", "phone": "(909) 621-7820", "email": "", "address": "270 W 12TH St., Claremont, CA 91711", "website": "http://brightroadrecovery.com/brr/", "insurances": [23], "specialties": [76], "qualifications": [28, 32]}}, {"model": "mentalhealth.therapist", "pk": 52, "fields": {"name": "Dennis Wallstrom", "image": "profile/01-15.jpg", "phone": "(909) 603-9300", "email": "", "address": "114 N. Indian Hill Boulevard, Ste B, Claremont, CA 91711", "website": "http://www.onenewmind.com/", "insurances": [16, 17, 18, 19, 23], "specialties": [41, 53, 56], "qualifications": [25]}}, {"model": "mentalhealth.therapist", "pk": 53, "fields": {"name": "Michelle Sokoloff", "image": "profile/Screen_Shot_2017-01-30_at_10.27.08_PM.png", "phone": "(510) 860-3106", "email": "", "address": "405 N. Indian Hill Blvd, Claremont, CA 91711", "website": "http://www.drmichellesokoloff.com/", "insurances": [23], "specialties": [76], "qualifications": [26]}}, {"model": "mentalhealth.therapist", "pk": 54, "fields": {"name": "Christine Wong", "image": "profile/765-default-avatar_DmJd7Gv.png", "phone": "(909) 833-1596", "email": "", "address": "427 Yale Ave., #200, Claremont, CA 91711", "website": "", "insurances": [23], "specialties": [76], "qualifications": [26]}}, {"model": "mentalhealth.therapist", "pk": 55, "fields": {"name": "Angela Yi", "image": "profile/Screen_Shot_2017-01-30_at_10.30.31_PM.png", "phone": "(909) 480-8065", "email": "info@foothillsneuropsych.com", "address": "1420 N. Claremont Blvd., Suite 209C, Claremont, CA 91711", "website": "http://www.foothillsneuropsych.com/", "insurances": [16, 23], "specialties": [52, 76], "qualifications": [25]}}, {"model": "mentalhealth.therapist", "pk": 56, "fields": {"name": "Brianne DeWitt Goudelock", "image": "profile/132907_3_120x150.jpg", "phone": "(909) 293-9729", "email": "", "address": "409 Harvard Ave. Suite 101 Claremont, CA 91711", "website": "", "insurances": [23], "specialties": [44, 53], "qualifications": [25]}}, {"model": "mentalhealth.therapist", "pk": 57, "fields": {"name": "Kirby Palmer", "image": "profile/Screen_Shot_2017-01-30_at_10.36.47_PM.png", "phone": "(909) 621-9023", "email": "", "address": "250 West First Street, Suite 242, Claremont, CA 91711", "website": "http://www.kirbypalmer.com/", "insurances": [16, 23], "specialties": [41, 44, 46, 50, 57], "qualifications": [28]}}, {"model": "mentalhealth.therapist", "pk": 58, "fields": {"name": "Nicole Peeke", "image": "profile/97.jpg", "phone": "(323) 345-1402", "email": "", "address": "1490 N. Claremont Blvd. Ste 204, Claremont CA 91711", "website": "http://www.vobh.org/", "insurances": [16, 23], "specialties": [45, 46, 50], "qualifications": [28, 32]}}, {"model": "mentalhealth.therapist", "pk": 59, "fields": {"name": "John Pellitteri", "image": "profile/Screen_Shot_2017-01-30_at_11.05.31_PM.png", "phone": "(909) 210-4030", "email": "JPellitt@aol.com", "address": "250 1st Street, Suite 242, Claremont, CA 91711", "website": "http://www.drjohnpellitteri.com/", "insurances": [23], "specialties": [76], "qualifications": [26]}}, {"model": "mentalhealth.therapist", "pk": 60, "fields": {"name": "Megan Phillips", "image": "profile/765-default-avatar_SvbTtIy.png", "phone": "(323) 345-1402", "email": "", "address": "1490 Claremont Blvd., Suite 204 Claremont, CA 91711", "website": "", "insurances": [23], "specialties": [47, 76], "qualifications": [26]}}, {"model": "mentalhealth.therapist", "pk": 61, "fields": {"name": "Roberta Reid", "image": "profile/DSC_0027r.264102451_std.jpg", "phone": "(909) 917-6815", "email": "rheesenreid@gmail.com", "address": "1490 Claremont Blvd., Ste. 202, Claremont, CA 91711", "website": "http://www.robertareidlmft.com/", "insurances": [23], "specialties": [42, 43, 46, 48, 51, 53, 54], "qualifications": [24, 29]}}, {"model": "mentalhealth.therapist", "pk": 62, "fields": {"name": "Richard (Rick) Rogers", "image": "profile/765-default-avatar_t4oKEVo.png", "phone": "(909) 621-9023", "email": "", "address": "250 West First Street, Suite 242, Claremont, CA 91711", "website": "", "insurances": [16, 23], "specialties": [76], "qualifications": [25]}}, {"model": "mentalhealth.therapist", "pk": 63, "fields": {"name": "Karen Salter-Moss", "image": "profile/765-default-avatar_2yb1qUx.png", "phone": "(909) 624-6005", "email": "", "address": "219 N. Indian Hill #100, Claremont, CA 91711", "website": "", "insurances": [16, 23], "specialties": [76], "qualifications": [25]}}, {"model": "mentalhealth.therapist", "pk": 64, "fields": {"name": "Lenore Schwankovsky", "image": "profile/Lenore-_Schwankovsky.jpg", "phone": "(909) 319-5091", "email": "", "address": "237 West Fourth Street, Claremont, CA 91711", "website": "http://aspenpsychological.com/", "insurances": [16, 23], "specialties": [44, 46, 57], "qualifications": [25]}}, {"model": "mentalhealth.therapist", "pk": 65, "fields": {"name": "Bonny Shapin", "image": "profile/765-default-avatar_LyiFf6v.png", "phone": "(909) 921-3828", "email": "", "address": "415 W. Foothill Blvd, Suite 212 Claremont, CA 91711", "website": "http://www.claremontpsychologist.com/", "insurances": [23], "specialties": [41, 43, 44, 46, 47], "qualifications": [25]}}, {"model": "mentalhealth.therapist", "pk": 66, "fields": {"name": "Melissa (Missy) Simpson", "image": "profile/765-default-avatar_ETDYMCj.png", "phone": "(909) 276-4286", "email": "", "address": "428 Harrison Ave, Unit 101, Claremont, CA 91711", "website": "https://brightroadrecovery.com/br/", "insurances": [23], "specialties": [47], "qualifications": [29]}}, {"model": "mentalhealth.therapist", "pk": 67, "fields": {"name": "Daniel Skenderian", "image": "profile/1296350772.jpg", "phone": "(909) 625-1123", "email": "danielskenderian@gmail.com", "address": "237 W. Fourth St. Claremont, CA 91711", "website": "http://www.danielskenderian.com/", "insurances": [16, 23], "specialties": [41, 44, 46, 52], "qualifications": [25]}}, {"model": "mentalhealth.therapist", "pk": 68, "fields": {"name": "Amy A. Smith", "image": "profile/phpThumb_generated_thumbnail_rl7oVPz.jpg", "phone": "(909) 973-8915", "email": "", "address": "219 N. Indian Hill Blvd, Suite 101, Claremont, CA 91711", "website": "http://www.amyasmithlmft.com/", "insurances": [23], "specialties": [43, 44, 46, 50], "qualifications": [29]}}]